,name,company,year,Price,kms_driven,fuel_type
0,Hyundai Santro Xing,Hyundai,2007,"80,000","45,000 kms",Petrol
1,Mahindra Jeep CL550,Mahindra,2006,"4,25,000",40 kms,Diesel
2,Hyundai Grand i10,Hyundai,2014,"3,25,000","28,000 kms",Petrol
3,Ford EcoSport Titanium,Ford,2014,"5,75,000","36,000 kms",Diesel
4,Ford Figo,Ford,2012,"1,75,000","41,000 kms",Diesel
5,Hyundai Eon,Hyundai,2013,"1,90,000","25,000 kms",Petrol
6,Ford EcoSport Ambiente,Ford,2016,"8,30,000","24,530 kms",Diesel
7,Maruti Suzuki Alto,Maruti,2015,"2,50,000","60,000 kms",Petrol
8,Skoda Fabia Classic,Skoda,2010,"1,82,000","60,000 kms",Petrol
9,Maruti Suzuki Stingray,Maruti,2015,"3,15,000","30,000 kms",Petrol
10,Hyundai Elite i20,Hyundai,2014,"4,15,000","32,000 kms",Petrol
11,Mahindra Scorpio SLE,Mahindra,2015,"3,20,000","48,660 kms",Diesel
12,Hyundai Santro Xing,Hyundai,2007,"80,000","45,000 kms",Petrol
13,Mahindra Jeep CL550,Mahindra,2006,"4,25,000",40 kms,Diesel
14,Audi A8,Audi,2017,"10,00,000","4,000 kms",Petrol
15,Audi Q7,Audi,2014,"5,00,000","16,934 kms",Diesel
16,Mahindra Scorpio S10,Mahindra,2016,"3,50,000","43,000 kms",Diesel
17,Maruti Suzuki Alto,Maruti,2014,"1,60,000","35,550 kms",Petrol
18,Mahindra Scorpio S10,Mahindra,2016,"3,50,000","43,000 kms",Diesel
19,Mahindra Scorpio S10,Mahindra,2016,"3,10,000","39,522 kms",Diesel
20,Maruti Suzuki Alto,Maruti,2015,"75,000","39,000 kms",Petrol
21,Hyundai i20 Sportz,Hyundai,2012,"1,00,000","55,000 kms",Petrol
22,Hyundai i20 Sportz,Hyundai,2012,"1,00,000","55,000 kms",Petrol
23,Hyundai i20 Sportz,Hyundai,2012,"1,00,000","55,000 kms",Petrol
24,Maruti Suzuki Alto,Maruti,2017,"1,90,000","72,000 kms",Petrol
25,Maruti Suzuki Vitara,Maruti,2016,"2,90,000","15,975 kms",Diesel
26,Maruti Suzuki Alto,Maruti,2008,"95,000","70,000 kms",Petrol
27,Mahindra Bolero DI,Mahindra,2017,"1,80,000","23,452 kms",Diesel
28,Maruti Suzuki Swift,Maruti,2014,"3,85,000","35,522 kms",Diesel
29,Mahindra Scorpio S10,Mahindra,2015,"2,50,000","48,508 kms",Diesel
30,Maruti Suzuki Swift,Maruti,2017,"1,80,000","15,487 kms",Petrol
31,Maruti Suzuki Wagon,Maruti,2013,"1,05,000","39,000 kms",Petrol
32,Maruti Suzuki Wagon,Maruti,2013,"1,05,000","39,000 kms",Petrol
33,Toyota Innova 2.0,Toyota,2012,"6,50,000","82,000 kms",Diesel
34,Renault Lodgy 85,Renault,2018,"6,89,999","20,000 kms",Diesel
35,Skoda Yeti Ambition,Skoda,2012,"4,48,000","68,000 kms",Diesel
36,Maruti Suzuki Baleno,Maruti,2017,"5,49,000","32,000 kms",Diesel
37,Renault Duster 110,Renault,2012,"5,01,000","38,000 kms",Diesel
38,Renault Duster 85,Renault,2013,"4,89,999","27,000 kms",Diesel
39,Honda City 1.5,Honda,2011,"2,80,000","33,000 kms",Petrol
40,Maruti Suzuki Alto,Maruti,2015,"2,50,000","60,000 kms",Petrol
41,Maruti Suzuki Dzire,Maruti,2013,"3,49,999","46,000 kms",Diesel
42,Honda Amaze,Honda,2013,"2,84,999","46,000 kms",Diesel
43,Honda Amaze 1.5,Honda,2015,"3,45,000","36,000 kms",Diesel
44,Honda City,Honda,2015,"4,99,999","55,000 kms",Petrol
45,Datsun Redi GO,Datsun,2017,"2,35,000","16,000 kms",Petrol
46,Maruti Suzuki SX4,Maruti,2010,"2,49,999","36,000 kms",Petrol
47,Mitsubishi Pajero Sport,Mitsubishi,2015,"14,75,000","47,000 kms",Diesel
48,Mahindra Bolero DI,Mahindra,2017,"1,80,000","23,452 kms",Diesel
49,Maruti Suzuki Swift,Maruti,2014,"3,85,000","35,522 kms",Diesel
50,Mahindra Scorpio S10,Mahindra,2015,"2,50,000","48,508 kms",Diesel
51,Maruti Suzuki Swift,Maruti,2017,"1,80,000","15,487 kms",Petrol
52,Maruti Suzuki Wagon,Maruti,2013,"1,05,000","39,000 kms",Petrol
53,Maruti Suzuki Wagon,Maruti,2013,"1,05,000","39,000 kms",Petrol
54,Mahindra Scorpio S10,Mahindra,2015,"3,95,000","35,000 kms",Diesel
55,Maruti Suzuki Swift,Maruti,2017,"2,20,000","30,874 kms",Petrol
56,Honda City ZX,Honda,2017,"1,70,000","15,000 kms",Diesel
57,Maruti Suzuki Wagon,Maruti,2013,"85,000","29,685 kms",Petrol
58,Ford Figo,Ford,2012,"1,75,000","41,000 kms",Diesel
59,Hyundai Eon,Hyundai,2013,"1,90,000","25,000 kms",Petrol
60,Tata Indigo eCS,Tata,2017,"2,00,000","1,30,000 kms",Diesel
61,Ford EcoSport Ambiente,Ford,2016,"8,30,000","24,530 kms",Diesel
62,Tata Indigo eCS,Tata,2017,"2,00,000","1,30,000 kms",Diesel
63,Mahindra Scorpio SLE,Mahindra,2012,"5,70,000","19,000 kms",Diesel
64,Volkswagen Polo Highline,Volkswagen,2014,"3,15,000","60,000 kms",Petrol
65,Skoda Fabia Classic,Skoda,2010,"1,82,000","60,000 kms",Petrol
66,Maruti Suzuki Stingray,Maruti,2015,"3,15,000","30,000 kms",Petrol
67,Chevrolet Spark LS,Chevrolet,2010,"1,10,000","41,000 kms",Petrol
68,Renault Duster 110PS,Renault,2012,"5,01,000","35,000 kms",Diesel
69,Honda City,Honda,2015,"4,48,999","54,000 kms",Petrol
70,Mini Cooper S,Mini,2013,"18,91,111","13,000 kms",Petrol
71,Datsun Redi GO,Datsun,2017,"2,35,000","16,000 kms",Petrol
72,Skoda Fabia 1.2L,Skoda,2011,"1,59,500","38,200 kms",Diesel
73,Honda Amaze,Honda,2015,"3,44,999","22,000 kms",Petrol
74,Honda Amaze,Honda,2015,"3,44,999","22,000 kms",Petrol
75,Renault Duster,Renault,2014,"4,49,999","50,000 kms",Diesel
76,Mini Cooper S,Mini,2013,"18,91,111","13,500 kms",Petrol
77,Mahindra Scorpio S4,Mahindra,2015,"8,65,000","30,000 kms",Diesel
78,Mahindra Scorpio VLX,Mahindra,2014,"6,99,000","50,000 kms",Diesel
79,Mahindra Quanto C8,Mahindra,2013,"3,75,000","20,000 kms",Diesel
80,Ford EcoSport,Ford,2017,"4,89,999","39,000 kms",Petrol
81,Honda Brio,Honda,2012,"2,24,999","30,000 kms",Petrol
82,Volkswagen Vento Highline,Volkswagen,2019,"12,00,000","3,600 kms",Diesel
83,Hyundai i20 Magna,Hyundai,2009,"1,95,000","32,000 kms",Petrol
84,Toyota Corolla Altis,Toyota,2010,"3,51,000","38,000 kms",Diesel
85,Hyundai Verna Transform,Hyundai,2008,"1,60,000","45,000 kms",Petrol
86,Toyota Corolla Altis,Toyota,2009,"2,40,000","35,000 kms",Petrol
87,Honda City 1.5,Honda,2005,"90,000","50,000 kms",Petrol
88,Hyundai Elite i20,Hyundai,2014,"4,15,000","32,000 kms",Petrol
89,Skoda Fabia 1.2L,Skoda,2011,"1,55,000","45,863 kms",Diesel
90,BMW 3 Series,BMW,2011,"6,00,000","60,500 kms",Petrol
91,Maruti Suzuki A,Maruti,2011,"1,89,500","12,500 kms",Petrol
92,Toyota Etios GD,Toyota,2013,"3,50,000","60,000 kms",Diesel
93,Ford Figo Diesel,Ford,2012,"2,10,000","35,000 kms",Diesel
94,Maruti Suzuki Swift,Maruti,2014,"3,90,000","35,000 kms",Petrol
95,Chevrolet Beat LT,Chevrolet,2012,"1,35,000","45,000 kms",Diesel
96,BMW 7 Series,BMW,2009,"16,00,000","35,000 kms",Petrol
97,Mahindra XUV500 W8,Mahindra,2013,"7,01,000","38,000 kms",Diesel
98,Hyundai i10 Magna,Hyundai,2014,"2,65,000","18,000 kms",Petrol
99,Hyundai Verna Fluidic,Hyundai,2015,"5,25,000","35,000 kms",Diesel
100,Maruti Suzuki Swift,Maruti,2013,"3,72,000","13,349 kms",Petrol
101,Maruti Suzuki Ertiga,Maruti,2016,"6,35,000","29,000 kms",Petrol
102,Ford EcoSport Titanium,Ford,2014,"5,50,000","44,000 kms",Diesel
103,Maruti Suzuki Ertiga,Maruti,2016,"5,75,000","29,000 kms",Petrol
104,Maruti Suzuki Ertiga,Maruti,2013,"4,85,000","42,000 kms",Diesel
105,Maruti Suzuki Alto,Maruti,2012,"1,55,000","14,000 kms",Petrol
106,Hyundai Grand i10,Hyundai,2014,"3,45,000","49,000 kms",Diesel
107,Honda Amaze 1.2,Honda,2014,"3,25,000","42,000 kms",Petrol
108,Hyundai i20 Asta,Hyundai,2012,"3,29,500","36,200 kms",Diesel
109,Ford Figo Diesel,Ford,2014,"1,95,000","50,000 kms",Diesel
110,Maruti Suzuki Eeco,Maruti,2015,"2,51,111","55,000 kms",Petrol
111,Maruti Suzuki Ertiga,Maruti,2014,"5,69,999","45,000 kms",Petrol
112,Maruti Suzuki Esteem,Maruti,2007,"69,999","51,000 kms",Petrol
113,Maruti Suzuki Ritz,Maruti,2014,"2,99,999","19,000 kms",Petrol
114,Maruti Suzuki Dzire,Maruti,2009,"2,20,000","46,000 kms",Petrol
115,Maruti Suzuki Ritz,Maruti,2013,"3,99,999","33,000 kms",Diesel
116,Maruti Suzuki Swift,Maruti,2013,"3,72,000","13,349 kms",Petrol
117,Maruti Suzuki Dzire,Maruti,2015,"4,50,000","1,04,000 kms",Diesel
118,Toyota Etios Liva,Toyota,2014,"2,70,000","55,000 kms",Petrol
119,Hyundai i20 Sportz,Hyundai,2011,"3,50,000","33,333 kms",Diesel
120,Chevrolet Spark,Chevrolet,2012,"1,58,400","33,600 kms",Petrol
121,Maruti Suzuki Alto,Maruti,2017,"3,50,000","5,600 kms",Petrol
122,Nissan Micra XV,Nissan,2011,"1,79,000","41,000 kms",Petrol
123,Maruti Suzuki Swift,Maruti,2007,"1,25,000","70,000 kms",Petrol
124,Maruti Suzuki Alto,Maruti,2018,"2,00,000","7,500 kms",Petrol
125,Honda Amaze 1.5,Honda,2013,"2,99,000","45,000 kms",Diesel
126,Maruti Suzuki Alto,Maruti,2015,"2,20,000","38,000 kms",Petrol
127,Chevrolet Beat,Chevrolet,2015,"1,50,000","30,000 kms",Petrol
128,Toyota Corolla,Toyota,2009,"2,75,000","26,000 kms",
129,Honda City 1.5,Honda,2010,"2,85,000","35,000 kms",Petrol
130,Ford EcoSport Trend,Ford,2016,"8,30,000","24,330 kms",Diesel
131,Hyundai i20 Asta,Hyundai,2009,"2,10,000","65,480 kms",Petrol
132,Maruti Suzuki Swift,Maruti,2013,"3,40,000","41,000 kms",Petrol
133,Tata Indica V2,Tata,2006,"90,000","20,000 kms",Petrol
134,Hindustan Motors Ambassador,Hindustan,2000,"70,000","2,00,000 kms",Diesel
135,Toyota Corolla Altis,Toyota,2010,"2,89,999","70,000 kms",Petrol
136,Toyota Corolla Altis,Toyota,2012,"3,49,999","59,000 kms",Petrol
137,Toyota Innova 2.5,Toyota,2012,"8,49,999","99,000 kms",Diesel
138,Volkswagen Jetta Highline,Volkswagen,2014,"7,49,999","46,000 kms",Diesel
139,Volkswagen Polo Comfortline,Volkswagen,2015,"3,99,999","2,800 kms",Petrol
140,Volkswagen Polo,Volkswagen,2014,"2,74,999","32,000 kms",Petrol
141,Mahindra Scorpio,Mahindra,2015,"9,84,999","22,000 kms",Diesel
142,Renault Duster,Renault,2014,"4,49,999","50,000 kms",Diesel
143,Honda Amaze,Honda,2015,"3,44,999","22,000 kms",Petrol
144,Nissan Sunny,Nissan,2012,"2,24,999","45,000 kms",Petrol
145,Hyundai Elite i20,Hyundai,2018,"5,99,999","21,000 kms",Petrol
146,Renault Kwid,Renault,2016,"2,44,999","11,000 kms",Petrol
147,Renault Duster,Renault,2013,"3,99,999","41,000 kms",Diesel
148,Ford EcoSport,Ford,2017,"4,89,999","39,000 kms",Petrol
149,Renault Duster,Renault,2014,"4,74,999","50,000 kms",Diesel
150,Mahindra Scorpio VLX,Mahindra,2011,"4,99,999","66,000 kms",Diesel
151,Maruti Suzuki Alto,Maruti,2018,"3,10,000","3,000 kms",Petrol
152,Chevrolet Spark LT,Chevrolet,2010,"85,000","45,000 kms",Petrol
153,Datsun Redi GO,Datsun,2016,"2,45,000","7,000 kms",Petrol
154,Maruti Suzuki Swift,Maruti,2010,"1,89,500","38,500 kms",Diesel
155,Fiat Punto Emotion,Fiat,2012,"1,69,500","37,200 kms",Diesel
156,Maruti Suzuki Swift,Maruti,2010,"1,59,500","43,200 kms",Diesel
157,Toyota Etios GD,Toyota,2013,"2,75,000","24,800 kms",Petrol
158,Hyundai i20 Sportz,Hyundai,2014,"3,70,000","60,000 kms",Diesel
159,Hyundai i10 Sportz,Hyundai,2010,"1,68,000","45,872 kms",Petrol
160,Chevrolet Beat LT,Chevrolet,2011,"1,50,000","40,000 kms",Diesel
161,Chevrolet Beat LS,Chevrolet,2011,"1,45,000","45,000 kms",Diesel
162,Chevrolet Beat LT,Chevrolet,2012,"98,500","38,000 kms",Diesel
163,Mahindra Scorpio VLX,Mahindra,2014,"6,99,000","50,000 kms",Diesel
164,Tata Indigo CS,Tata,2011,"85,000","11,400 kms",Diesel
165,Toyota Corolla Altis,Toyota,2015,"5,75,000","42,000 kms",Petrol
166,Honda City 1.5,Honda,2014,"5,49,000","39,000 kms",Petrol
167,Maruti Suzuki Swift,Maruti,2011,"2,09,000","47,000 kms",Diesel
168,Hyundai Eon Era,Hyundai,2013,"1,85,000","27,000 kms",Petrol
169,Mahindra Scorpio S10,Mahindra,2015,"9,00,000","97,200 kms",Diesel
170,Mahindra XUV500,Mahindra,2014,"6,99,999","52,000 kms",Diesel
171,Honda Brio,Honda,2012,"2,24,999","30,000 kms",Petrol
172,Ford Fiesta,Ford,2011,"2,74,999","55,000 kms",Diesel
173,Honda Amaze,Honda,2013,"2,84,999","46,000 kms",Diesel
174,Honda City,Honda,2015,"5,99,999","30,000 kms",Diesel
175,Maruti Suzuki Wagon,Maruti,2012,"1,99,999","44,000 kms",Petrol
176,Honda City,Honda,2014,"5,44,999","45,000 kms",Diesel
177,Hyundai i20,Hyundai,2009,"1,99,000","31,000 kms",Petrol
178,Tata Indigo eCS,Tata,2016,"3,20,000","1,75,430 kms",Diesel
179,Hyundai Fluidic Verna,Hyundai,2015,"5,40,000","38,000 kms",Diesel
180,Mahindra Quanto C8,Mahindra,2013,"3,40,000","37,000 kms",Diesel
181,Fiat Petra ELX,Fiat,2008,"75,000","65,000 kms",Petrol
182,Skoda Fabia 1.2L,Skoda,2011,"1,59,500","38,200 kms",Diesel
183,Mini Cooper S,Mini,2013,"18,91,111","13,000 kms",Petrol
184,Hyundai Santro Xing,Hyundai,2005,"49,000","7,500 kms",Petrol
185,Maruti Suzuki Ciaz,Maruti,2016,"7,00,000","3,350 kms",Petrol
186,Maruti Suzuki Zen,Maruti,2000,"55,000","60,000 kms",Petrol
187,Honda City,Honda,2015,"4,48,999","54,000 kms",Petrol
188,Hyundai Creta 1.6,Hyundai,2017,"8,95,000","32,000 kms",Petrol
189,Mahindra Scorpio SLX,Mahindra,2007,"3,55,000","75,000 kms",Diesel
190,Mahindra Scorpio SLE,Mahindra,2012,"5,65,000","62,000 kms",Diesel
191,Toyota Innova 2.5,Toyota,2006,"3,65,000","73,000 kms",Diesel
192,Maruti Suzuki Alto,Maruti,2011,"1,45,000","41,000 kms",Petrol
193,Maruti Suzuki Wagon,Maruti,2011,"2,10,000","35,000 kms",Petrol
194,Tata Nano Cx,Tata,2013,"40,000","2,200 kms",Petrol
195,Maruti Suzuki Alto,Maruti,2013,"1,25,000","39,000 kms",Petrol
196,Maruti Suzuki Wagon,Maruti,2009,"1,35,000","45,000 kms",Petrol
197,Maruti Suzuki Swift,Maruti,2006,"1,35,000","45,000 kms",Petrol
198,Tata Sumo Victa,Tata,2012,"2,85,000","65,000 kms",Diesel
199,Maruti Suzuki Wagon,Maruti,2010,"1,45,000","54,870 kms",Petrol
200,Maruti Suzuki Alto,Maruti,2010,"1,35,000","34,580 kms",Petrol
201,Volkswagen Passat Diesel,Volkswagen,2009,"4,50,000","97,000 kms",Diesel
202,Renault Scala RxL,Renault,2015,"3,75,000","25,000 kms",Diesel
203,Mahindra Quanto C8,Mahindra,2013,"3,75,000","20,000 kms",Diesel
204,Hyundai Grand i10,Hyundai,2014,"3,65,000","20,000 kms",Petrol
205,Hyundai i20 Active,Hyundai,2015,"5,00,000","18,000 kms",Petrol
206,Mahindra Xylo E4,Mahindra,2012,"4,00,000","35,000 kms",Diesel
207,Mahindra Jeep MM,Mahindra,2019,"3,90,000",60 kms,Diesel
208,Renault Duster 110PS,Renault,2012,"5,01,000","35,000 kms",Diesel
209,Mahindra Bolero SLE,Mahindra,2013,"3,30,000","80,200 kms",Diesel
210,Force Motors Force,Force,2015,"5,80,000","3,200 kms",Diesel
211,Maruti Suzuki SX4,Maruti,2012,"2,65,000","46,000 kms",Diesel
212,Mahindra Jeep CL550,Mahindra,2019,"3,79,000","0,000 kms",Diesel
213,Maruti Suzuki Alto,Maruti,2015,"2,19,000","5,000 kms",Petrol
214,Mahindra Jeep CL550,Mahindra,2018,"3,85,000",588 kms,Diesel
215,Toyota Etios,Toyota,2011,"2,75,000","36,000 kms",Diesel
216,Volkswagen Polo,Volkswagen,2015,"3,30,000","38,000 kms",Diesel
217,Honda City ZX,Honda,2008,"1,10,000","45,000 kms",Petrol
218,Maruti Suzuki Wagon,Maruti,2006,"80,000","71,200 kms",Petrol
219,Honda City VX,Honda,2016,"5,19,000","52,000 kms",Diesel
220,Mahindra Thar CRDe,Mahindra,2016,"7,30,000","29,000 kms",Diesel
221,Mitsubishi Pajero Sport,Mitsubishi,2015,"14,75,000","47,000 kms",Diesel
222,Audi A4 1.8,Audi,2009,"6,99,000","47,000 kms",Petrol
223,Mercedes Benz GLA,Mercedes,2015,"20,00,000","20,000 kms",Diesel
224,Land Rover Freelander,Land,2015,"21,00,000","30,000 kms",Diesel
225,Renault Kwid RXT,Renault,2017,"3,40,000","5,000 kms",Petrol
226,Tata Aria Pleasure,Tata,2014,"3,90,000","35,000 kms",Diesel
227,Mercedes Benz B,Mercedes,2014,"14,00,000","31,000 kms",Petrol
228,Datsun GO T,Datsun,2016,"2,45,000","7,000 kms",Petrol
229,Tata Indigo eCS,Tata,2016,"3,20,000","1,75,430 kms",Diesel
230,Tata Indigo eCS,Tata,2016,"3,20,000","1,75,400 kms",Diesel
231,Honda Jazz VX,Honda,2016,"4,50,000","41,000 kms",Petrol
232,Honda Amaze 1.2,Honda,2014,"3,11,000","33,000 kms",Petrol
233,Honda Amaze,Honda,2013,"2,84,999","46,000 kms",Diesel
234,Honda City,Honda,2012,"3,99,999","45,000 kms",Petrol
235,Honda City,Honda,2015,"5,99,999","39,000 kms",Diesel
236,Honda Amaze,Honda,2015,"3,44,999","22,000 kms",Petrol
237,Audi A4 1.8,Audi,2009,"6,99,000","47,000 kms",Petrol
238,Force Motors Force,Force,2015,"5,80,000","3,200 kms",Diesel
239,Mahindra Scorpio S4,Mahindra,2015,"8,55,000","30,000 kms",Diesel
240,Hyundai i20 Active,Hyundai,2015,"5,35,000","37,000 kms",Diesel
241,Mini Cooper S,Mini,2013,"18,91,111","13,000 kms",Petrol
242,Maruti Suzuki Ciaz,Maruti,2017,"6,99,000","14,000 kms",Petrol
243,Chevrolet Tavera Neo,Chevrolet,2013,"3,75,000","55,000 kms",Diesel
244,Honda Amaze,Honda,2013,"2,84,999","46,000 kms",Diesel
245,Hyundai Eon Sportz,Hyundai,2012,"1,78,000","30,000 kms",Petrol
246,Tata Sumo Gold,Tata,2013,"3,00,000","50,000 kms",Diesel
247,Maruti Suzuki Wagon,Maruti,2003,"90,000","45,000 kms",Petrol
248,Maruti Suzuki Esteem,Maruti,2006,"95,000","45,000 kms",Petrol
249,Maruti Suzuki Eeco,Maruti,2015,"2,55,000","9,300 kms",Petrol
250,Chevrolet Enjoy 1.4,Chevrolet,2013,"2,45,000","55,000 kms",Diesel
251,Hyundai i20 Asta,Hyundai,2012,"3,29,500","36,200 kms",Diesel
252,Ford Figo Diesel,Ford,2014,"1,95,000","50,000 kms",Diesel
253,Maruti Suzuki Eeco,Maruti,2015,"2,51,111","55,000 kms",Petrol
254,Maruti Suzuki Ertiga,Maruti,2014,"5,69,999","45,000 kms",Petrol
255,Maruti Suzuki Esteem,Maruti,2007,"69,999","51,000 kms",Petrol
256,Maruti Suzuki Ritz,Maruti,2014,"2,99,999","19,000 kms",Petrol
257,Maruti Suzuki Dzire,Maruti,2009,"2,20,000","46,000 kms",Petrol
258,Maruti Suzuki Ritz,Maruti,2013,"3,99,999","33,000 kms",Diesel
259,Maruti Suzuki SX4,Maruti,2010,"2,49,999","36,000 kms",Petrol
260,Maruti Suzuki Wagon,Maruti,2015,"2,89,999","22,000 kms",Petrol
261,Mini Cooper S,Mini,2013,"18,91,111","13,500 kms",Petrol
262,Nissan Terrano XL,Nissan,2015,"4,99,999","60,000 kms",Diesel
263,Renault Duster 85,Renault,2013,"4,89,999","27,000 kms",Diesel
264,Renault Duster 85,Renault,2014,"4,89,999","59,000 kms",Diesel
265,Renault Duster 85,Renault,2015,"5,49,999","19,000 kms",Diesel
266,Maruti Suzuki Dzire,Maruti,2013,"3,80,000","30,000 kms",Petrol
267,Renault Kwid RXT,Renault,2018,"3,25,000","15,000 kms",Petrol
268,Maruti Suzuki Maruti,Maruti,2003,"57,000","56,758 kms",Petrol
269,Renault Kwid 1.0,Renault,2018,"3,49,999","10,000 kms",Petrol
270,Renault Lodgy 85,Renault,2018,"6,89,999","20,000 kms",Diesel
271,Renault Scala RxL,Renault,2014,"3,49,999","49,000 kms",Diesel
272,Hyundai Grand i10,Hyundai,2014,"4,10,000","41,000 kms",Petrol
273,Maruti Suzuki Swift,Maruti,2011,"2,25,000","45,000 kms",Petrol
274,Chevrolet Beat LS,Chevrolet,2010,"1,20,000","43,000 kms",Petrol
275,Tata Indigo eCS,Tata,2016,"3,20,000","1,75,430 kms",Diesel
276,Hyundai Santro Xing,Hyundai,2000,"59,000","56,450 kms",Petrol
277,Hyundai Fluidic Verna,Hyundai,2015,"5,40,000","38,000 kms",Diesel
278,Chevrolet Beat LS,Chevrolet,2010,"80,000","56,000 kms",Petrol
279,Mahindra Quanto C8,Mahindra,2013,"3,40,000","37,000 kms",Diesel
280,Fiat Petra ELX,Fiat,2008,"75,000","65,000 kms",Petrol
281,Chevrolet Beat LS,Chevrolet,2015,"2,20,000","32,700 kms",Petrol
282,Skoda Fabia 1.2L,Skoda,2011,"1,59,500","38,200 kms",Diesel
283,Ford EcoSport Titanium,Ford,2016,"5,99,000","30,000 kms",Diesel
284,Hyundai Accent GLX,Hyundai,2006,"80,000","56,000 kms",Petrol
285,Mahindra TUV300 T4,Mahindra,2016,"6,75,000","9,000 kms",Diesel
286,Mini Cooper S,Mini,2013,"18,91,111","13,000 kms",Petrol
287,Mini Cooper S,Mini,2013,"18,91,111","13,000 kms",Petrol
288,Tata Indica V2,Tata,2008,"1,50,000","11,000 kms",Petrol
289,Mini Cooper S,Mini,2013,"18,91,111","13,000 kms",Petrol
290,Tata Indigo CS,Tata,2009,"72,500","46,000 kms",Diesel
291,Maruti Suzuki Swift,Maruti,2019,"6,10,000",73 kms,Petrol
292,Mahindra Scorpio VLX,Mahindra,2004,"2,30,000","1,60,000 kms",Diesel
293,Honda Accord,Honda,2009,"1,75,000","58,559 kms",Petrol
294,Mahindra Scorpio S4,Mahindra,2015,"8,55,000","30,000 kms",Diesel
295,Chevrolet Tavera Neo,Chevrolet,2013,"3,75,000","55,000 kms",Diesel
296,Ford EcoSport Titanium,Ford,2014,"5,20,000","57,000 kms",Diesel
297,Maruti Suzuki Ertiga,Maruti,2015,"5,24,999","50,000 kms",Diesel
298,Honda Amaze,Honda,2014,"2,99,999","37,000 kms",Petrol
299,Maruti Suzuki Dzire,Maruti,2012,"2,99,999","40,000 kms",Petrol
300,Honda City,Honda,2011,"2,84,999","55,000 kms",Petrol
301,Mahindra Scorpio 2.6,Mahindra,2007,"2,20,000","1,70,000 kms",Diesel
302,Maruti Suzuki Dzire,Maruti,2014,"4,24,999","55,000 kms",Diesel
303,Honda City,Honda,2015,"6,44,999","39,000 kms",Petrol
304,Honda Mobilio,Honda,2014,"3,99,999","44,000 kms",Petrol
305,Toyota Corolla Altis,Toyota,2009,"1,99,999","65,000 kms",Petrol
306,Honda City,Honda,2014,"5,84,999","39,000 kms",Petrol
307,Skoda Laura,Skoda,2012,"3,49,999","44,000 kms",Diesel
308,Renault Duster,Renault,2015,"4,49,999","49,000 kms",Diesel
309,Maruti Suzuki Ertiga,Maruti,2018,"7,99,999","9,000 kms",Diesel
310,Maruti Suzuki Dzire,Maruti,2015,"4,44,999","45,000 kms",Diesel
311,Mahindra XUV500,Mahindra,2014,"6,49,999","47,000 kms",Diesel
312,Hyundai Verna Fluidic,Hyundai,2012,"4,44,999","40,000 kms",Diesel
313,Maruti Suzuki Vitara,Maruti,2016,"6,89,999","29,000 kms",Diesel
314,Maruti Suzuki Wagon,Maruti,2016,"3,44,999","15,000 kms",Petrol
315,Mahindra Scorpio,Mahindra,2015,"9,44,999","45,000 kms",Diesel
316,Honda Amaze,Honda,2014,"2,74,999","35,000 kms",Petrol
317,Mahindra XUV500,Mahindra,2013,"6,89,999","80,000 kms",Diesel
318,Mahindra Scorpio,Mahindra,2013,"5,74,999","68,000 kms",Diesel
319,Skoda Laura,Skoda,2013,"3,74,999","50,000 kms",Diesel
320,Volkswagen Polo,Volkswagen,2010,"1,99,999","60,000 kms",Diesel
321,Hyundai Elite i20,Hyundai,2016,"5,49,999","9,000 kms",Petrol
322,Tata Manza Aura,Tata,2012,"1,30,000","72,000 kms",Diesel
323,Chevrolet Sail UVA,Chevrolet,2013,"2,10,000","60,000 kms",Petrol
324,Renault Duster 110,Renault,2012,"5,01,000","38,000 kms",Diesel
325,Hyundai Verna Fluidic,Hyundai,2013,"4,01,000","45,000 kms",Diesel
326,Audi A4 2.0,Audi,2012,"13,50,000","40,000 kms",Diesel
327,Hyundai Elantra SX,Hyundai,2013,"6,00,000","20,000 kms",Petrol
328,Mahindra Scorpio VLX,Mahindra,2013,"6,10,000","35,000 kms",Diesel
329,Mahindra KUV100 K8,Mahindra,2016,"4,00,000","20,000 kms",Diesel
330,Renault Scala RxL,Renault,2015,"3,75,000","25,000 kms",Diesel
331,Mahindra Quanto C8,Mahindra,2013,"3,75,000","20,000 kms",Diesel
332,Hyundai Grand i10,Hyundai,2014,"3,65,000","20,000 kms",Petrol
333,Hyundai i20 Active,Hyundai,2015,"5,00,000","18,000 kms",Petrol
334,Mahindra Xylo E4,Mahindra,2012,"4,00,000","35,000 kms",Diesel
335,Hyundai Grand i10,Hyundai,2017,"5,24,999","6,821 kms",Petrol
336,Hyundai i20,Hyundai,2014,"4,49,999","23,000 kms",Petrol
337,Hyundai Eon,Hyundai,2014,"1,74,999","14,000 kms",Petrol
338,Hyundai i10,Hyundai,2012,"2,44,999","38,000 kms",Petrol
339,Hyundai i20 Active,Hyundai,2015,"5,74,999","35,000 kms",Diesel
340,Datsun Redi GO,Datsun,2017,"2,44,999","22,000 kms",Petrol
341,Toyota Etios Liva,Toyota,2011,"2,39,999","41,000 kms",Petrol
342,Hyundai Accent,Hyundai,2010,"99,999","45,000 kms",Petrol
343,Hyundai Verna,Hyundai,2014,"4,89,999","44,000 kms",Diesel
344,Maruti Suzuki Swift,Maruti,2013,"3,24,999","45,000 kms",Diesel
345,Toyota Fortuner,Toyota,2011,"10,74,999","52,000 kms",Diesel
346,Hyundai i10 Sportz,Hyundai,2012,"2,30,000","34,000 kms",Petrol
347,Mahindra Bolero Power,Mahindra,2018,"6,99,000","1,800 kms",Diesel
348,Mahindra XUV500,Mahindra,2015,"10,00,000","15,000 kms",Diesel
349,Honda City 1.5,Honda,2010,"2,40,000","4,00,000 kms",Petrol
350,Chevrolet Spark LT,Chevrolet,2009,"1,10,000","44,000 kms",Petrol
351,Mahindra Jeep MM,Mahindra,2019,"3,90,000",60 kms,Diesel
352,Renault Duster 110PS,Renault,2012,"5,01,000","35,000 kms",Diesel
353,Mahindra XUV500,Mahindra,2016,"11,30,000","72,000 kms",Diesel
354,Tata Indigo eCS,Tata,2014,"2,50,000","40,000 kms",Diesel
355,Mahindra Bolero SLE,Mahindra,2013,"3,30,000","80,200 kms",Diesel
356,Force Motors Force,Force,2015,"5,80,000","3,200 kms",Diesel
357,Skoda Rapid Elegance,Skoda,2013,"3,40,000","48,000 kms",Diesel
358,Tata Vista Quadrajet,Tata,2011,"1,20,000","90,000 kms",Diesel
359,Maruti Suzuki Alto,Maruti,2015,"2,65,000","12,000 kms",Petrol
360,Maruti Suzuki SX4,Maruti,2012,"2,65,000","46,000 kms",Diesel
361,Maruti Suzuki Zen,Maruti,2003,"85,000","69,900 kms",Petrol
362,Mahindra Jeep CL550,Mahindra,2019,"3,79,000","0,000 kms",Diesel
363,Hyundai i10 Magna,Hyundai,2011,"1,75,000","45,000 kms",Petrol
364,Maruti Suzuki Alto,Maruti,2015,"2,19,000","5,000 kms",Petrol
365,Maruti Suzuki Swift,Maruti,2016,"3,50,000","1,66,000 kms",Diesel
366,Honda City ZX,Honda,2008,"1,49,000","42,000 kms",Petrol
367,Mahindra Jeep CL550,Mahindra,2018,"3,85,000",588 kms,Diesel
368,Mahindra Jeep MM,Mahindra,2006,"4,25,000",122 kms,Diesel
369,Chevrolet Beat Diesel,Chevrolet,2017,"1,50,000","62,000 kms",Diesel
370,Honda City 1.5,Honda,2010,"2,25,000","70,000 kms",Petrol
371,Hyundai Verna 1.4,Hyundai,2014,"3,75,000","36,000 kms",Petrol
372,Toyota Innova 2.5,Toyota,2012,"7,70,000",0 kms,Diesel
373,Maruti Suzuki Maruti,Maruti,1995,"30,000","55,000 kms",Petrol
374,Toyota Etios,Toyota,2011,"2,75,000","36,000 kms",Diesel
375,Volkswagen Polo,Volkswagen,2015,"3,30,000","38,000 kms",Diesel
376,Maruti Suzuki Swift,Maruti,2014,"3,35,000","55,000 kms",Diesel
377,Hyundai Elite i20,Hyundai,2015,"4,50,000","20,000 kms",Diesel
378,Maruti Suzuki Swift,Maruti,2012,"2,25,000","40,000 kms",Petrol
379,Maruti Suzuki Versa,Maruti,2004,"80,000","50,000 kms",Petrol
380,Tata Indigo LX,Tata,2016,"1,30,000","1,04,000 kms",Diesel
381,Volkswagen Vento Konekt,Volkswagen,2011,"2,45,000","65,000 kms",Diesel
382,Mercedes Benz C,Mercedes,2002,"3,99,000","41,000 kms",Petrol
383,Maruti Suzuki Ertiga,Maruti,2013,"4,50,000","90,000 kms",Diesel
384,Honda City,Honda,2000,"65,000","80,000 kms",Petrol
385,Hyundai Santro Xing,Hyundai,2006,"75,000","46,000 kms",Petrol
386,Maruti Suzuki Omni,Maruti,2001,"70,000","70,000 kms",Petrol
387,Hyundai Sonata Transform,Hyundai,2017,"1,90,000","36,469 kms",Diesel
388,Hyundai Elite i20,Hyundai,2018,"6,00,000","7,800 kms",Petrol
389,Volkswagen Vento Konekt,Volkswagen,2011,"2,45,000","65,000 kms",Diesel
390,Maruti Suzuki Alto,Maruti,2017,"2,40,000","60,000 kms",Petrol
391,Maruti Suzuki Alto,Maruti,2011,"1,55,000","32,000 kms",Petrol
392,Honda Jazz S,Honda,2009,"1,69,999","24,695 kms",Petrol
393,Hyundai Grand i10,Hyundai,2017,"4,50,000","15,141 kms",Petrol
394,Maruti Suzuki Zen,Maruti,2001,"40,000","40,000 kms",Petrol
395,Mahindra Scorpio W,Mahindra,2012,"1,65,000","65,000 kms",Diesel
396,Maruti Suzuki Alto,Maruti,2014,"2,70,000","22,000 kms",Petrol
397,Hyundai Grand i10,Hyundai,2016,"2,80,000","59,910 kms",Diesel
398,Mahindra XUV500 W8,Mahindra,2012,"5,60,000","1,00,000 kms",Diesel
399,Hyundai Creta 1.6,Hyundai,2016,"9,50,000","25,000 kms",Petrol
400,Hyundai i20 Magna,Hyundai,2013,"3,10,000","35,000 kms",Petrol
401,Renault Duster 85,Renault,2015,"7,15,000","65,000 kms",Diesel
402,Hyundai Grand i10,Hyundai,2014,"3,40,000","35,000 kms",Petrol
403,Honda Brio V,Honda,2012,"2,35,000","33,000 kms",Petrol
404,Mahindra TUV300 T4,Mahindra,2017,"6,10,000","68,000 kms",Diesel
405,Chevrolet Spark LS,Chevrolet,2010,"95,000","23,000 kms",Petrol
406,Mahindra TUV300 T8,Mahindra,2018,"10,00,000","4,500 kms",Diesel
407,Maruti Suzuki Swift,Maruti,2015,"2,20,000","1,29,000 kms",Diesel
408,Nissan X Trail,Nissan,2019,"12,00,000",300 kms,Diesel
409,Maruti Suzuki Alto,Maruti,2015,"2,30,000","5,000 kms",Petrol
410,Ford Ikon 1.3,Ford,2001,"45,000","65,000 kms",Petrol
411,Toyota Fortuner 3.0,Toyota,2010,"9,40,000","1,31,000 kms",Diesel
412,Tata Manza ELAN,Tata,2010,"1,55,555","1,11,111 kms",Petrol
413,Mercedes Benz A,Mercedes,2013,"15,00,000","14,000 kms",Petrol
414,Chevrolet Beat LS,Chevrolet,2016,"2,10,000","22,000 kms",Diesel
415,Ford EcoSport Trend,Ford,2013,"4,95,000","38,000 kms",Diesel
416,Tata Indigo LS,Tata,2016,"1,25,000","70,000 kms",Diesel
417,Hyundai i20 Magna,Hyundai,2010,"1,95,000","36,000 kms",Petrol
418,Volkswagen Vento Highline,Volkswagen,2015,"5,50,000","34,000 kms",Diesel
419,Renault Kwid RXT,Renault,2015,"2,70,000","43,000 kms",Petrol
420,Ford EcoSport Titanium,Ford,2014,"5,00,000","40,000 kms",Diesel
421,Honda Amaze 1.5,Honda,2016,"2,40,000","1,60,000 kms",Diesel
422,Hyundai Verna 1.6,Hyundai,2017,"8,00,000","12,000 kms",Petrol
423,BMW 5 Series,BMW,2011,"12,99,000","49,000 kms",Diesel
424,Skoda Superb 1.8,Skoda,2011,"5,30,000","68,000 kms",Petrol
425,Audi Q3 2.0,Audi,2013,"14,99,000","37,000 kms",Diesel
426,Mahindra Bolero DI,Mahindra,2012,"2,20,000","59,466 kms",Diesel
427,Mahindra Scorpio S10,Mahindra,2015,"9,00,000","97,200 kms",Diesel
428,Ford Figo Duratorq,Ford,2012,"2,50,000","99,000 kms",Diesel
429,Maruti Suzuki Wagon,Maruti,2018,"3,95,000","25,500 kms",Petrol
430,Mahindra Logan Diesel,Mahindra,2009,"1,30,000","66,000 kms",Petrol
431,Tata Nano GenX,Tata,2010,"32,000","44,005 kms",Petrol
432,Mahindra TUV300 T4,Mahindra,2016,"5,40,000","35,000 kms",Diesel
433,Mahindra TUV300 T4,Mahindra,2016,"5,40,000","35,000 kms",Diesel
434,Hyundai Elite i20,Hyundai,2015,"4,05,000","28,000 kms",Petrol
435,Hyundai Elite i20,Hyundai,2015,"4,00,000","30,000 kms",Petrol
436,Honda City SV,Honda,2017,"7,60,000","4,000 kms",Petrol
437,Maruti Suzuki Baleno,Maruti,2016,"5,00,000","28,000 kms",Petrol
438,Ford Figo Petrol,Ford,2011,"1,75,000","75,000 kms",Petrol
439,Mahindra Scorpio S10,Mahindra,2015,"9,00,000","97,200 kms",Diesel
440,Honda City,Honda,2017,"7,50,000","3,000 kms",Petrol
441,Hyundai Elite i20,Hyundai,2015,"4,19,000","20,000 kms",Petrol
442,Maruti Suzuki Versa,Maruti,2004,"90,000","50,000 kms",Petrol
443,Hyundai Eon Era,Hyundai,2018,"1,40,000","2,110 kms",Petrol
444,Mitsubishi Pajero Sport,Mitsubishi,2015,"15,40,000","43,222 kms",Petrol
445,Hyundai i10 Magna,Hyundai,2008,"2,75,000","1,00,200 kms",Petrol
446,Toyota Corolla H2,Toyota,2003,"1,50,000","1,00,000 kms",Petrol
447,Maruti Suzuki Swift,Maruti,2011,"2,30,000",65 kms,Petrol
448,Tata Indigo CS,Tata,2015,"1,23,000","1,00,000 kms",Diesel
449,Mahindra Scorpio S10,Mahindra,2015,"9,00,000","97,200 kms",Diesel
450,Mahindra Scorpio S10,Mahindra,2015,"9,00,000","97,200 kms",Diesel
451,Hyundai Xcent Base,Hyundai,2016,"3,00,000","1,40,000 kms",Diesel
452,Honda City,Honda,2015,"4,99,999","55,000 kms",Petrol
453,Hyundai Accent Executive,Hyundai,2009,"1,65,000","48,000 kms",Petrol
454,Maruti Suzuki Baleno,Maruti,2016,"4,98,000","22,000 kms",Petrol
455,Tata Zest XE,Tata,2018,"4,80,000","1,03,553 kms",Diesel
456,Maruti Suzuki Dzire,Maruti,2017,"4,88,000","80,000 kms",Diesel
457,Tata Sumo Gold,Tata,2014,"2,50,000","99,000 kms",Diesel
458,Toyota Corolla Altis,Toyota,2010,"2,20,000","58,000 kms",Petrol
459,Maruti Suzuki Eeco,Maruti,2013,"2,90,000","70,000 kms",LPG
460,Toyota Fortuner 3.0,Toyota,2015,"15,25,000","1,20,000 kms",Diesel
461,Mahindra XUV500 W6,Mahindra,2013,"5,48,900","49,800 kms",Diesel
462,Tata Tigor Revotron,Tata,2019,"6,50,000",100 kms,Diesel
463,Maruti Suzuki 800,Maruti,2001,"55,000","81,876 kms",Petrol
464,Maruti Suzuki Ertiga,Maruti,2015,"5,50,000","75,000 kms",Petrol
465,Maruti Suzuki Versa,Maruti,2004,"90,000","50,000 kms",Petrol
466,Honda Mobilio S,Honda,2014,"3,99,000","44,000 kms",Diesel
467,Maruti Suzuki Ertiga,Maruti,2016,"7,30,000","55,000 kms",Diesel
468,Maruti Suzuki Vitara,Maruti,2017,"7,25,000","36,000 kms",Diesel
469,Hyundai Verna 1.6,Hyundai,2016,"1,95,000","56,000 kms",Diesel
470,Maruti Suzuki Swift,Maruti,2007,"1,30,000","62,000 kms",Petrol
471,Toyota Fortuner 3.0,Toyota,2015,"15,25,000","1,20,000 kms",Diesel
472,Maruti Suzuki Omni,Maruti,2014,"1,90,000","6,020 kms",Petrol
473,Honda Amaze,Honda,2013,"2,50,000","55,700 kms",Diesel
474,Tata Indica,Tata,2005,"80,000","42,000 kms",Petrol
475,Hyundai Santro Xing,Hyundai,2003,"1,20,000","50,000 kms",Petrol
476,Maruti Suzuki Zen,Maruti,2010,"1,49,000","35,000 kms",Petrol
477,Maruti Suzuki Wagon,Maruti,2014,"2,50,000","18,500 kms",Petrol
478,Maruti Suzuki Wagon,Maruti,2007,"1,20,000","7,000 kms",Petrol
479,Honda Brio VX,Honda,2017,"4,50,000","11,000 kms",Petrol
480,Maruti Suzuki Zen,Maruti,2003,"99,999","53,000 kms",Petrol
481,Maruti Suzuki Zen,Maruti,2008,"1,35,000","23,000 kms",Petrol
482,Maruti Suzuki Wagon,Maruti,2016,"2,25,000","35,500 kms",Diesel
483,Maruti Suzuki Alto,Maruti,2010,"99,000","22,134 kms",Petrol
484,Renault Kwid RXT,Renault,2019,"3,70,000","1,000 kms",Petrol
485,Tata Nano Lx,Tata,2010,"52,000","9,000 kms",Petrol
486,Jaguar XE XE,Jaguar,2016,"28,00,000","8,500 kms",Petrol
487,Hyundai Eon Magna,Hyundai,2014,"1,90,000","35,000 kms",Petrol
488,Honda City 1.5,Honda,2014,"4,99,000","22,000 kms",Petrol
489,Hindustan Motors Ambassador,Hindustan,2002,"90,000","25,000 kms",Diesel
490,Maruti Suzuki Ritz,Maruti,2010,"1,49,000","40,000 kms",Petrol
491,Hyundai Grand i10,Hyundai,2017,"4,00,000","20,000 kms",Petrol
492,Hyundai Eon D,Hyundai,2016,"1,20,000","87,000 kms",Petrol
493,Maruti Suzuki Swift,Maruti,2015,"2,50,000","55,000 kms",Petrol
494,Maruti Suzuki Wagon,Maruti,2017,"3,75,000","23,000 kms",Petrol
495,Honda Amaze 1.2,Honda,2014,"3,81,000","6,000 kms",Petrol
496,Maruti Suzuki Estilo,Maruti,2013,"1,80,000","65,000 kms",Petrol
497,Maruti Suzuki Vitara,Maruti,2016,"5,80,000","25,000 kms",Diesel
498,Maruti Suzuki Eeco,Maruti,2015,"2,78,000","39,000 kms",Petrol
499,Hyundai Creta 1.6,Hyundai,2016,"10,00,000","8,000 kms",Petrol
500,Mahindra Scorpio Vlx,Mahindra,2013,"6,90,000","75,000 kms",Diesel
501,Maruti Suzuki Ertiga,Maruti,2012,"4,80,000","51,000 kms",Diesel
502,Mitsubishi Lancer 1.8,Mitsubishi,2006,"85,000","50,000 kms",Petrol
503,Maruti Suzuki Maruti,Maruti,2001,"40,000","75,000 kms",Petrol
504,Maruti Suzuki Alto,Maruti,2015,"90,000","55,800 kms",Petrol
505,Hyundai Grand i10,Hyundai,2015,"3,40,000","53,000 kms",Petrol
506,Hyundai Eon D,Hyundai,2018,"2,60,000","25,000 kms",Petrol
507,Ford Fiesta SXi,Ford,2009,"2,50,000","56,400 kms",Petrol
508,Maruti Suzuki Ritz,Maruti,2010,"1,80,000","72,160 kms",Diesel
509,Hyundai Verna Fluidic,Hyundai,2012,"3,50,000","10,000 kms",Diesel
510,Maruti Suzuki Wagon,Maruti,2006,"90,001","48,000 kms",Petrol
511,Maruti Suzuki Estilo,Maruti,2007,"1,15,000","36,000 kms",Petrol
512,Audi A6 2.0,Audi,2012,"15,99,000","11,500 kms",Diesel
513,Maruti Suzuki Wagon,Maruti,2003,"1,30,000","1,33,000 kms",Petrol
514,Maruti Suzuki Wagon,Maruti,2009,"1,59,000","27,000 kms",Petrol
515,Maruti Suzuki Wagon,Maruti,2009,"1,60,000","35,000 kms",Petrol
516,Maruti Suzuki Alto,Maruti,2010,"1,10,000","55,000 kms",Petrol
517,Maruti Suzuki Baleno,Maruti,2016,"4,25,000","40,000 kms",Petrol
518,Hyundai Verna 1.6,Hyundai,2019,"9,00,000","2,000 kms",Petrol
519,Maruti Suzuki Swift,Maruti,2009,"1,50,000","45,000 kms",Petrol
520,Hyundai Getz Prime,Hyundai,2009,"1,10,000","20,000 kms",Petrol
521,Hyundai Santro,Hyundai,2000,"51,999","88,000 kms",Petrol
522,Hyundai Getz Prime,Hyundai,2009,"1,15,000","20,000 kms",Petrol
523,Chevrolet Beat PS,Chevrolet,2012,"2,15,000","65,422 kms",Diesel
524,Ford EcoSport Trend,Ford,2017,"5,80,000","10,000 kms",Petrol
525,Maruti Suzuki Dzire,Maruti,2013,"3,80,000","35,000 kms",Petrol
526,Hyundai Fluidic Verna,Hyundai,2013,"3,50,000","1,17,000 kms",Diesel
527,Tata Indica V2,Tata,2005,"35,000","1,50,000 kms",Diesel
528,BMW X1 xDrive20d,BMW,2011,"11,50,000","72,000 kms",Diesel
529,Hyundai i20 Asta,Hyundai,2010,"3,00,000","10,750 kms",Petrol
530,Honda City 1.5,Honda,2009,"2,69,000","55,000 kms",Petrol
531,Tata Nano,Tata,2013,"60,000","6,800 kms",Petrol
532,Chevrolet Cruze LTZ,Chevrolet,2014,"4,00,000","41,000 kms",Diesel
533,Hyundai Verna Fluidic,Hyundai,2015,"4,30,000","73,000 kms",Diesel
534,Maruti Suzuki Swift,Maruti,2011,"1,40,000","65,000 kms",Diesel
535,Mahindra XUV500 W6,Mahindra,2014,"85,00,003","45,000 kms",Diesel
536,Mahindra XUV500 W10,Mahindra,2018,"12,99,000","40,000 kms",Diesel
537,Maruti Suzuki Alto,Maruti,2014,"1,99,000","37,000 kms",Petrol
538,Hyundai Accent GLE,Hyundai,2006,"90,000","55,000 kms",Petrol
539,Force Motors One,Force,2013,"5,50,000","1,40,000 kms",Diesel
540,Maruti Suzuki Alto,Maruti,2019,"2,65,000","9,800 kms",Petrol
541,Chevrolet Spark 1.0,Chevrolet,2011,"1,00,000","27,000 kms",Petrol
542,Hyundai i10,Hyundai,2009,"2,15,000","27,000 kms",Petrol
543,Toyota Etios Liva,Toyota,2012,"3,80,000","20,000 kms",Diesel
544,Renault Duster 85PS,Renault,2013,"4,01,919","57,923 kms",Diesel
545,Chevrolet Enjoy,Chevrolet,2014,"4,90,000","30,201 kms",Diesel
546,Maruti Suzuki Alto,Maruti,2017,"2,80,000","6,200 kms",Petrol
547,BMW 5 Series,BMW,2009,"6,50,000","37,518 kms",Petrol
548,Toyota Etios Liva,Toyota,2014,"1,60,000","24,652 kms",Petrol
549,Mahindra Jeep MM,Mahindra,2004,"4,24,000",383 kms,Diesel
550,Chevrolet Beat LS,Chevrolet,2016,"2,25,000","95,000 kms",Diesel
551,Chevrolet Cruze LTZ,Chevrolet,2011,"3,50,000","35,000 kms",Diesel
552,Jeep Wrangler Unlimited,Jeep,2015,"9,50,000","3,528 kms",Diesel
553,Maruti Suzuki Ertiga,Maruti,2013,"4,85,000","52,500 kms",Diesel
554,Hyundai Verna VGT,Hyundai,2010,"2,05,000","47,900 kms",Diesel
555,Maruti Suzuki Omni,Maruti,2012,"1,60,000","14,000 kms",Petrol
556,Maruti Suzuki Celerio,Maruti,2018,"3,10,000","37,000 kms",Petrol
557,Tata Zest Quadrajet,Tata,2017,"1,80,000","90,000 kms",Diesel
558,Mahindra XUV500 W6,Mahindra,2013,"5,49,900","52,800 kms",Diesel
559,Tata Indigo CS,Tata,2016,"1,50,000","1,04,000 kms",Diesel
560,Hyundai i10 Era,Hyundai,2011,"1,75,000","30,000 kms",Petrol
561,Tata Indigo eCS,Tata,2014,"95,000","1,95,000 kms",Diesel
562,Tata Indigo LX,Tata,2016,"2,30,000","1,04,000 kms",Diesel
563,Tata Indigo eCS,Tata,2016,"2,30,000","1,04,000 kms",Diesel
564,Tata Indigo Marina,Tata,2004,"1,80,000","70,000 kms",Diesel
565,Hyundai Xcent SX,Hyundai,2015,"4,00,000","43,000 kms",Diesel
566,Hyundai Eon Magna,Hyundai,2013,"1,85,000","23,000 kms",Petrol
567,Renault Duster 85,Renault,2015,"3,85,000","51,000 kms",Diesel
568,Maruti Suzuki Alto,Maruti,2009,"90,000","62,000 kms",Petrol
569,Tata Nano LX,Tata,2010,"32,000","48,008 kms",Petrol
570,Renault Duster 110,Renault,2013,"4,35,000","39,000 kms",Diesel
571,Maruti Suzuki Wagon,Maruti,2010,"2,25,000","40,000 kms",Petrol
572,Maruti Suzuki Swift,Maruti,2006,"1,89,700","48,247 kms",Petrol
573,Maruti Suzuki Ertiga,Maruti,2012,"3,89,700","39,000 kms",Diesel
574,Maruti Suzuki Swift,Maruti,2014,"3,65,000","23,000 kms",Petrol
575,Maruti Suzuki Alto,Maruti,2017,"3,60,000","9,400 kms",Petrol
576,Hyundai i20 Magna,Hyundai,2010,"2,10,000","50,000 kms",Petrol
577,Hyundai i10 Magna,Hyundai,2009,"1,70,000","75,000 kms",Petrol
578,Tata Zest XE,Tata,2017,"3,80,000","70,000 kms",Diesel
579,Mahindra Xylo E8,Mahindra,2009,"2,95,000","64,000 kms",Diesel
580,Toyota Corolla Altis,Toyota,2010,"1,85,000","55,000 kms",Petrol
581,Tata Manza Aqua,Tata,2014,"1,60,000","2,00,000 kms",Diesel
582,Renault Kwid 1.0,Renault,2018,"2,90,000","2,137 kms",Petrol
583,Tata Venture EX,Tata,2013,"1,00,000","30,000 kms",Diesel
584,Maruti Suzuki Swift,Maruti,2014,"3,15,000","44,000 kms",Petrol
585,Skoda Octavia Classic,Skoda,2006,"1,14,990","65,000 kms",Diesel
586,Maruti Suzuki Omni,Maruti,2012,"1,20,000","1,60,000 kms",LPG
587,Chevrolet Beat Diesel,Chevrolet,2011,"1,25,000","56,000 kms",Diesel
588,Tata Sumo Gold,Tata,2012,"2,10,000","75,000 kms",Diesel
589,Hyundai Verna 1.6,Hyundai,2018,"8,55,000","42,000 kms",Diesel
590,Tata Sumo Gold,Tata,2012,"2,10,000","75,000 kms",Diesel
591,Mahindra Scorpio 2.6,Mahindra,2007,"2,60,000","56,000 kms",Diesel
592,Maruti Suzuki Zen,Maruti,2002,"95,000","10,544 kms",Petrol
593,Maruti Suzuki Swift,Maruti,2011,"2,55,000","64,000 kms",Petrol
594,Mahindra Scorpio SLX,Mahindra,2008,"3,00,000","70,000 kms",Diesel
595,Hyundai Grand i10,Hyundai,2014,"3,40,000","25,000 kms",Petrol
596,Hyundai Elite i20,Hyundai,2017,"5,50,000","15,000 kms",Petrol
597,Ford Ikon 1.6,Ford,2003,"60,000","50,000 kms",Petrol
598,Toyota Innova 2.5,Toyota,2011,"7,50,000","1,47,000 kms",Diesel
599,Nissan Sunny XL,Nissan,2011,"2,30,000","52,000 kms",Petrol
600,Chevrolet Beat LT,Chevrolet,2012,"1,30,000","90,001 kms",Diesel
601,Maruti Suzuki Alto,Maruti,2017,"2,70,000","21,000 kms",Petrol
602,Maruti Suzuki Swift,Maruti,2012,"2,80,000","48,006 kms",Diesel
603,Maruti Suzuki Swift,Maruti,2012,"2,80,000","48,006 kms",Diesel
604,Maruti Suzuki Swift,Maruti,2012,"2,80,000","48,006 kms",Diesel
605,Toyota Innova 2.0,Toyota,2012,"6,00,000","80,000 kms",Diesel
606,Maruti Suzuki Swift,Maruti,2010,"1,90,000","74,000 kms",Diesel
607,Hyundai Elite i20,Hyundai,2015,"5,00,000","22,000 kms",Petrol
608,Mahindra XUV500 W10,Mahindra,2016,"10,65,000","41,000 kms",Diesel
609,Volkswagen Polo Trendline,Volkswagen,2015,"3,50,000","25,000 kms",Diesel
610,Toyota Etios Liva,Toyota,2012,"3,50,000","85,000 kms",Diesel
611,Mahindra TUV300 T4,Mahindra,2016,"5,40,000","29,500 kms",Diesel
612,Hyundai Elite i20,Hyundai,2015,"4,70,000","30,000 kms",Petrol
613,Hyundai Santro Xing,Hyundai,2014,"1,79,000","57,000 kms",Petrol
614,Maruti Suzuki Zen,Maruti,2003,"48,000","60,000 kms",Petrol
615,Maruti Suzuki Ciaz,Maruti,2016,"6,50,000","50,000 kms",Petrol
616,Hyundai Eon Era,Hyundai,2013,"1,90,000","39,700 kms",Petrol
617,Hyundai Elantra 1.8,Hyundai,2012,"5,00,000","65,000 kms",Petrol
618,Maruti Suzuki Swift,Maruti,2010,"2,70,000","67,000 kms",Diesel
619,Maruti Suzuki Zen,Maruti,2008,"1,25,000","46,000 kms",Petrol
620,Hyundai Eon Era,Hyundai,2012,"1,88,000","38,000 kms",Petrol
621,Hyundai Grand i10,Hyundai,2016,"3,80,000","27,000 kms",Petrol
622,Hyundai Verna Fluidic,Hyundai,2011,"3,65,000","43,000 kms",Diesel
623,Ford EcoSport Trend,Ford,2014,"4,65,000","47,000 kms",Petrol
624,Hyundai i20 Magna,Hyundai,2011,"2,40,000","42,000 kms",Petrol
625,Chevrolet Beat Diesel,Chevrolet,2016,"1,79,999","19,336 kms",Diesel
626,Tata Indica eV2,Tata,2015,"1,40,000","60,105 kms",Diesel
627,Jaguar XF 2.2,Jaguar,2013,"21,90,000","29,000 kms",Diesel
628,Audi Q5 2.0,Audi,2014,"23,90,000","34,000 kms",Diesel
629,BMW 3 Series,BMW,2011,"10,75,000","35,000 kms",Diesel
630,Maruti Suzuki Swift,Maruti,2015,"4,75,000","22,000 kms",Petrol
631,BMW X1 sDrive20d,BMW,2012,"10,25,000","41,000 kms",Diesel
632,Maruti Suzuki S,Maruti,2016,"6,15,000","21,000 kms",Diesel
633,Maruti Suzuki Ertiga,Maruti,2013,"4,75,000","48,000 kms",Diesel
634,Maruti Suzuki Alto,Maruti,2016,"2,70,000","38,000 kms",Petrol
635,Honda City SV,Honda,2014,"4,75,000","34,000 kms",Diesel
636,Volkswagen Vento Comfortline,Volkswagen,2011,"2,40,000","45,933 kms",Petrol
637,Honda City 1.5,Honda,2005,"1,20,000","68,000 kms",Petrol
638,Audi A4 2.0,Audi,2016,"19,00,000","44,000 kms",Diesel
639,Mahindra KUV100,Mahindra,2017,"3,60,000","35,000 kms",Diesel
640,Tata Zest XE,Tata,2018,"4,50,000","1,02,563 kms",Diesel
641,Mahindra XUV500 W8,Mahindra,2015,"9,00,000","28,600 kms",Diesel
642,Maruti Suzuki Swift,Maruti,2017,"6,50,000","41,800 kms",Diesel
643,Tata Sumo Gold,Tata,2014,"2,75,000","1,16,000 kms",Diesel
644,Maruti Suzuki Swift,Maruti,2009,"2,10,000","59,000 kms",Petrol
645,Mahindra Scorpio 2.6,Mahindra,2004,"1,75,000","58,000 kms",Diesel
646,Maruti Suzuki Omni,Maruti,2009,"85,000","45,000 kms",Petrol
647,Mitsubishi Pajero Sport,Mitsubishi,2015,"14,90,000","42,590 kms",Diesel
648,Renault Duster,Renault,2014,"8,00,000","7,400 kms",Diesel
649,Volkswagen Jetta Comfortline,Volkswagen,2009,"4,50,000","54,500 kms",Diesel
650,Maruti Suzuki Ertiga,Maruti,2012,"10,00,000","2,00,000 kms",Diesel
651,Audi A4 2.0,Audi,2013,"15,10,000","27,000 kms",Diesel
652,Volvo S80 Summum,Volvo,2015,"18,50,000","42,000 kms",Diesel
653,Toyota Corolla Altis,Toyota,2014,"7,90,000","29,000 kms",Petrol
654,Mitsubishi Pajero Sport,Mitsubishi,2015,"17,25,000","37,000 kms",Diesel
655,Chevrolet Beat LT,Chevrolet,2012,"1,35,000","36,000 kms",Petrol
656,BMW X1,BMW,2011,"10,00,000","34,000 kms",Diesel
657,Datsun Redi GO,Datsun,2018,"2,99,999","7,000 kms",Petrol
658,Mercedes Benz C,Mercedes,2009,"12,25,000","76,000 kms",Diesel
659,Mahindra Scorpio SLX,Mahindra,2004,"1,75,000","60,000 kms",Diesel
660,Volkswagen Vento Comfortline,Volkswagen,2011,"2,00,000","95,000 kms",Diesel
661,Tata Indigo CS,Tata,2017,"2,70,000","50,000 kms",Diesel
662,Ford Figo Petrol,Ford,2019,"5,25,000",00 kms,Petrol
663,Honda City ZX,Honda,2006,"1,80,000","50,000 kms",Petrol
664,Maruti Suzuki Wagon,Maruti,2008,"1,40,000","68,000 kms",Petrol
665,Ford EcoSport Trend,Ford,2014,"4,00,000","16,000 kms",Petrol
666,Maruti Suzuki Swift,Maruti,2016,"4,99,000","51,000 kms",Diesel
667,Maruti Suzuki Omni,Maruti,2009,"85,000","56,000 kms",Petrol
668,Maruti Suzuki Zen,Maruti,2004,"70,000","1,00,000 kms",Petrol
669,Renault Duster RxL,Renault,2015,"5,50,000","36,000 kms",Petrol
670,Maruti Suzuki Swift,Maruti,2014,"3,70,000","11,523 kms",Petrol
671,Maruti Suzuki Baleno,Maruti,2018,"6,90,000","1,000 kms",Petrol
672,Honda WR V,Honda,2009,"2,50,000","60,000 kms",Petrol
673,Tata Indigo CS,Tata,2016,"1,10,000","85,000 kms",Diesel
674,Renault Duster 110,Renault,2013,"4,90,000","38,600 kms",Diesel
675,Mahindra Scorpio LX,Mahindra,2009,"3,20,000","95,500 kms",Diesel
676,Maruti Suzuki Zen,Maruti,2004,"68,000","56,000 kms",Petrol
677,Maruti Suzuki Wagon,Maruti,2014,"1,30,000","37,458 kms",Petrol
678,Maruti Suzuki SX4,Maruti,2016,"9,70,000","85,960 kms",Diesel
679,Audi A3 Cabriolet,Audi,2015,"31,00,000","12,516 kms",Petrol
680,Hyundai Eon D,Hyundai,2018,"2,80,000","35,000 kms",Petrol
681,Maruti Suzuki Zen,Maruti,2009,"1,25,000",00 kms,Petrol
682,Mahindra Scorpio SLX,Mahindra,2008,"2,85,000","80,000 kms",Diesel
683,Hyundai Santro AE,Hyundai,2011,"1,65,000","45,000 kms",Petrol
684,Maruti Suzuki Swift,Maruti,2009,"2,50,000","51,000 kms",Diesel
685,Mahindra Scorpio S4,Mahindra,2015,"8,65,000","30,000 kms",Diesel
686,Mahindra Xylo D2,Mahindra,2011,"3,90,000","48,000 kms",Diesel
687,Hyundai Santro,Hyundai,2003,"60,000","51,000 kms",Petrol
688,Chevrolet Beat LT,Chevrolet,2015,"2,15,000","90,000 kms",Diesel
689,Maruti Suzuki Swift,Maruti,2015,"4,75,000","43,000 kms",Diesel
690,Mahindra XUV500 W8,Mahindra,2015,"8,99,000","53,000 kms",Diesel
691,Toyota Fortuner 3.0,Toyota,2013,"14,99,000","97,000 kms",Diesel
692,Maruti Suzuki Alto,Maruti,2013,"2,40,000","20,000 kms",Petrol
693,Hyundai Getz GLE,Hyundai,2007,"99,000","55,000 kms",Petrol
694,Maruti Suzuki Swift,Maruti,2014,"2,60,000","1,20,000 kms",Diesel
695,Hyundai Creta 1.6,Hyundai,2019,"12,00,000",0 kms,Petrol
696,Hyundai Santro Xing,Hyundai,2007,"1,15,000","46,000 kms",Petrol
697,Hyundai Santro Xing,Hyundai,2009,"88,000","43,200 kms",Petrol
698,Mahindra Xylo D2,Mahindra,2011,"3,90,000","56,000 kms",Diesel
699,Hyundai Santro Xing,Hyundai,2007,"1,35,000","42,000 kms",Petrol
700,Tata Indica V2,Tata,2009,"90,000","30,600 kms",Diesel
701,Hyundai i10 Sportz,Hyundai,2011,"2,20,000","38,000 kms",Petrol
702,Hyundai Grand i10,Hyundai,2017,"4,24,999","2,550 kms",Petrol
703,Hyundai Santro Xing,Hyundai,2007,"1,35,000","47,000 kms",Petrol
704,Honda City 1.5,Honda,2005,"95,000","41,000 kms",Petrol
705,Nissan Micra XL,Nissan,2017,"4,30,000","62,500 kms",Diesel
706,Honda City 1.5,Honda,2005,"1,15,000","68,000 kms",Petrol
707,Maruti Suzuki Alto,Maruti,2015,"2,15,000","50,000 kms",Petrol
708,Maruti Suzuki Wagon,Maruti,2004,"53,000","69,000 kms",Petrol
709,Maruti Suzuki Ertiga,Maruti,2012,"5,00,000","48,000 kms",Diesel
710,Tata Indica eV2,Tata,2012,"85,000","55,000 kms",Diesel
711,Maruti Suzuki Omni,Maruti,2013,"1,65,000","25,000 kms",Petrol
712,Hyundai Eon Era,Hyundai,2014,"2,00,000","28,400 kms",Petrol
713,Hyundai Eon,Hyundai,2014,"2,00,000","28,000 kms",Petrol
714,Maruti Suzuki Swift,Maruti,2015,"4,25,000","42,000 kms",Diesel
715,Hyundai Verna 1.6,Hyundai,2012,"6,00,000","29,000 kms",Diesel
716,Chevrolet Tavera LS,Chevrolet,2005,"1,30,000","68,485 kms",Diesel
717,Tata Tiago Revotron,Tata,2018,"4,30,000","3,500 kms",Petrol
718,Tata Tiago Revotorq,Tata,2019,"5,68,500",0 kms,Petrol
719,Maruti Suzuki Zen,Maruti,2006,"71,000","32,000 kms",Petrol
720,Mahindra KUV100 K8,Mahindra,2018,"5,60,000","8,000 kms",Diesel
721,Ford EcoSport Titanium,Ford,2014,"5,90,000","34,000 kms",Diesel
722,Hindustan Motors Ambassador,Hindustan,1995,"7,50,000","37,000 kms",Petrol
723,Ford Fusion 1.4,Ford,2007,"1,25,000","85,455 kms",Diesel
724,Hyundai Santro Xing,Hyundai,2007,"1,35,000","46,000 kms",Petrol
725,Hyundai Santro,Hyundai,2002,"60,000","47,000 kms",Petrol
726,Fiat Linea Emotion,Fiat,2009,"1,20,000","64,000 kms",Petrol
727,Ford Ikon 1.3,Ford,2008,"95,000","46,000 kms",Petrol
728,Maruti Suzuki Omni,Maruti,2017,"2,40,000","8,000 kms",Petrol
729,Tata Indica V2,Tata,2012,"1,15,000","64,000 kms",Diesel
730,Mahindra Scorpio S4,Mahindra,2015,"7,95,000","63,000 kms",Diesel
731,Hyundai Santro Xing,Hyundai,2007,"55,000","65,000 kms",Petrol
732,Mahindra Xylo D2,Mahindra,2009,"3,00,000","62,000 kms",Diesel
733,Hyundai Grand i10,Hyundai,2014,"3,20,000","41,000 kms",Petrol
734,Maruti Suzuki Alto,Maruti,2015,"2,65,000","14,000 kms",Petrol
735,Toyota Corolla,Toyota,2006,"1,60,000","40,000 kms",Petrol
736,Hyundai Eon Magna,Hyundai,2017,"3,00,000","1,600 kms",Petrol
737,Tata Sumo Grande,Tata,2010,"1,30,000","90,000 kms",Diesel
738,Maruti Suzuki Swift,Maruti,2011,"2,50,000","58,000 kms",Diesel
739,Volkswagen Polo Highline1.2L,Volkswagen,2013,"3,80,000","27,000 kms",Petrol
740,Maruti Suzuki Alto,Maruti,2003,"42,000","60,000 kms",Petrol
741,Tata Tiago Revotron,Tata,2017,"4,00,000","31,000 kms",Petrol
742,Maruti Suzuki Swift,Maruti,2009,"1,20,000","90,000 kms",Diesel
743,Maruti Suzuki Swift,Maruti,2009,"1,20,000","90,000 kms",Diesel
744,Tata Indigo eCS,Tata,2016,"1,30,000","1,50,000 kms",Diesel
745,Chevrolet Beat LS,Chevrolet,2014,"1,89,000","31,000 kms",Diesel
746,Mahindra Xylo E8,Mahindra,2011,"3,65,000","43,000 kms",Diesel
747,Hyundai Eon D,Hyundai,2013,"1,70,000","20,000 kms",Petrol
748,Tata Sumo Gold,Tata,2013,"2,15,000","1,00,000 kms",Petrol
749,Tata Nano,Tata,2013,"60,000","7,000 kms",Petrol
750,Hyundai Elite i20,Hyundai,2017,"5,99,999","31,000 kms",Petrol
751,Hyundai i10 Magna,Hyundai,2009,"4,00,000","33,000 kms",Petrol
752,Hyundai Creta,Hyundai,2016,"9,00,000","60,000 kms",Diesel
753,Volkswagen Polo,Volkswagen,2013,"2,99,999","48,000 kms",Diesel
754,Maruti Suzuki Dzire,Maruti,2014,"3,74,999","33,000 kms",Petrol
755,Tata Bolt XM,Tata,2015,"6,00,000","15,000 kms",Petrol
756,Maruti Suzuki Alto,Maruti,2005,"70,000","47,000 kms",Petrol
757,Maruti Suzuki Alto,Maruti,2005,"1,00,000","40,000 kms",Petrol
758,Maruti Suzuki Ritz,Maruti,2010,"1,50,000","38,000 kms",Diesel
759,Maruti Suzuki Alto,Maruti,2017,"2,25,000","12,500 kms",Petrol
760,Maruti Suzuki Dzire,Maruti,2009,"2,10,000","42,000 kms",Petrol
761,Hyundai i20 Asta,Hyundai,2014,"4,25,000","31,000 kms",Petrol
762,Maruti Suzuki Swift,Maruti,2008,"1,62,000","60,000 kms",Diesel
763,Tata Indica V2,Tata,2005,"60,000","80,000 kms",Diesel
764,Mahindra Scorpio VLX,Mahindra,2014,"6,50,000","77,000 kms",Diesel
765,Toyota Innova 2.5,Toyota,2012,"7,50,000","75,000 kms",Diesel
766,Mahindra Xylo E8,Mahindra,2010,"3,75,000","40,000 kms",Diesel
767,Hyundai i20 Magna,Hyundai,2011,"2,30,000","47,000 kms",Petrol
768,Maruti Suzuki Omni,Maruti,2000,"35,999","60,000 kms",Petrol
769,Mahindra KUV100,Mahindra,2016,"3,80,000","26,500 kms",Petrol
770,Mahindra KUV100 K8,Mahindra,2019,"5,60,000","2,875 kms",Petrol
771,Datsun Go Plus,Datsun,2016,"2,85,000","13,900 kms",Petrol
772,Ford Endeavor 4x4,Ford,2019,"29,00,000","9,000 kms",Diesel
773,Tata Indica V2,Tata,2005,"39,999","80,000 kms",Diesel
774,Hyundai Santro Xing,Hyundai,2006,"85,000","60,000 kms",Petrol
775,Maruti Suzuki Wagon,Maruti,2016,"3,95,000","20,000 kms",Petrol
776,Maruti Suzuki Swift,Maruti,2008,"1,75,000","58,000 kms",Diesel
777,Maruti Suzuki Alto,Maruti,2019,"4,00,000","1,500 kms",Petrol
778,Toyota Innova 2.5,Toyota,2011,"7,50,000","75,000 kms",Diesel
779,Maruti Suzuki Alto,Maruti,2016,"2,50,000","2,450 kms",Petrol
780,Maruti Suzuki Alto,Maruti,2019,"4,25,000","1,625 kms",Petrol
781,Volkswagen Polo Highline1.2L,Volkswagen,2017,"5,25,000","45,000 kms",Petrol
782,Mahindra Logan,Mahindra,2009,"1,30,000","65,000 kms",Diesel
783,Maruti Suzuki 800,Maruti,2000,"30,000","33,400 kms",Petrol
784,Mahindra Scorpio,Mahindra,2011,"4,75,000","60,123 kms",Diesel
785,Chevrolet Sail 1.2,Chevrolet,2013,"3,00,000","28,000 kms",Petrol
786,Hyundai Santro AE,Hyundai,2003,"60,000","70,000 kms",Petrol
787,Maruti Suzuki Wagon,Maruti,2006,"1,00,000","7,000 kms",Petrol
788,Hyundai Eon,Hyundai,2018,"2,60,000","25,000 kms",Petrol
789,Tata Manza,Tata,2015,"1,00,000","1,00,000 kms",Diesel
790,Toyota Etios G,Toyota,2013,"2,65,000","42,000 kms",Petrol
791,Hyundai Getz Prime,Hyundai,2009,"1,15,000","20,000 kms",Petrol
792,Toyota Qualis,Toyota,2003,"1,80,000","1,00,000 kms",Diesel
793,Hyundai Santro Xing,Hyundai,2004,"45,000","1,37,495 kms",Petrol
794,Tata Indica eV2,Tata,2016,"50,500","91,200 kms",Diesel
795,Honda City 1.5,Honda,2009,"2,70,000","55,000 kms",Petrol
796,Tata Zest XE,Tata,2017,"2,90,000","1,20,000 kms",Diesel
797,Mahindra Quanto C4,Mahindra,2013,"3,25,000","63,000 kms",Diesel
798,Tata Indigo eCS,Tata,2016,"1,60,000","1,04,000 kms",Diesel
799,Maruti Suzuki Swift,Maruti,2016,"3,50,000","1,46,000 kms",Diesel
800,Hyundai Elite i20,Hyundai,2011,"2,90,000","40,000 kms",Petrol
801,Hyundai i20 Select,Hyundai,2011,"2,90,000","40,000 kms",Petrol
802,Chevrolet Tavera Neo,Chevrolet,2007,"4,65,000","1,00,800 kms",Diesel
803,Maruti Suzuki Dzire,Maruti,2016,"3,25,000","1,50,000 kms",Diesel
804,Hyundai Elite i20,Hyundai,2018,"5,10,000","2,100 kms",Petrol
805,Honda City VX,Honda,2016,"8,60,000","95,000 kms",Petrol
806,Maruti Suzuki Dzire,Maruti,2016,"4,50,000","2,500 kms",Diesel
807,Hyundai Getz,Hyundai,2006,"1,25,000","80,000 kms",Petrol
808,Mercedes Benz C,Mercedes,2006,"5,00,001","15,000 kms",Petrol
809,Maruti Suzuki Alto,Maruti,2005,"95,000","65,000 kms",Petrol
810,Maruti Suzuki Swift,Maruti,2009,"2,50,000","51,000 kms",Diesel
811,Skoda Fabia,Skoda,2009,"1,10,000","45,000 kms",Petrol
812,Maruti Suzuki Ritz,Maruti,2011,"2,70,000","50,000 kms",Petrol
813,Tata Indica V2,Tata,2009,"1,10,000","30,000 kms",Diesel
814,Toyota Corolla Altis,Toyota,2009,"3,00,000","1,32,000 kms",Petrol
815,Tata Zest XM,Tata,2018,"2,60,000","27,000 kms",Diesel
816,Mahindra Quanto C8,Mahindra,2013,"3,90,000","40,000 kms",Diesel
817,Honda Amaze 1.2,Honda,2014,"1,80,000",Petrol,
818,Chevrolet Sail 1.2,Chevrolet,2014,"1,60,000",Petrol,
